store_id,store_name,store_city,users,avg_days_since_last_turbo,avg_last_deliver_to_user_min,avg_purchase_frequency_month_before_last,high_frequency_users,frequency_out_of_pattern_users,cancel_streak_users,cancel_streak_orders,delayed_last_users,dr_last_purchase_users,ops_store_delay_users,rt_delay_users,mixed_delay_users,no_breakdown_delay_users
900574966,"Turbo, Fresh, Santa Cecília",Grande São Paulo,986,23.3,6.44,1.61,435,522,13,15,4,6,0,4,0,0
900730894,"Turbo Fresh, Jardins",Grande São Paulo,938,23.3,7.18,1.53,382,460,4,8,9,7,0,9,0,0
900574964,"Turbo, Fresh, Vila Olimpia",Grande São Paulo,841,23.4,7.08,1.59,356,435,3,4,6,7,0,6,0,0
900574958,"Turbo, Fresh, Vila Madalena",Grande São Paulo,759,23.4,6.32,1.64,346,421,9,11,0,7,0,0,0,0
900574963,"Turbo, Fresh, Moema",Grande São Paulo,786,23.1,6.32,1.51,319,393,5,6,6,10,0,6,0,0
900574960,"Turbo, Fresh, Bela Vista",Grande São Paulo,840,23.0,8.7,1.49,311,375,9,21,8,8,0,8,0,0
900574967,"Turbo, Fresh, Brooklin",Grande São Paulo,720,23.2,6.53,1.49,281,332,1,5,2,3,0,2,0,0
900561331,"Turbo, Fresh, Leblon",Rio De Janeiro,542,23.1,5.6,1.44,197,241,2,2,2,3,0,2,0,0
900574943,"Turbo, Fresh, Vila Clementino",Grande São Paulo,510,23.3,6.37,1.5,194,238,4,7,4,5,0,4,0,0
900561336,"Turbo, Fresh, Aflitos",Recife,559,23.4,9.87,1.34,184,235,21,32,41,2,0,41,0,0
900721381,"Turbo, Fresh Botafogo II",Rio De Janeiro,479,23.4,8.3,1.47,171,223,4,13,12,4,0,12,0,0
900561322,"Turbo, Fresh, Aldeota",Fortaleza,472,23.3,7.56,1.31,157,199,6,14,2,3,0,2,0,0
900574956,"Turbo, Fresh, Lapa",Grande São Paulo,424,23.3,8.11,1.45,150,192,5,11,5,8,0,5,0,0
900580719,"Turbo, Fresh, Santa Efigênia",Belo Horizonte,426,23.4,10.82,1.24,125,176,21,33,23,6,1,19,3,0
900561335,"Turbo Fresh, Estoril",Belo Horizonte,370,23.3,8.59,1.46,138,173,16,19,10,3,0,9,1,0
900561330,"Turbo, Fresh, Ipanema",Rio De Janeiro,343,23.2,5.02,1.53,141,168,0,0,4,3,0,4,0,0
900536629,"Turbo, Fresh, Vila Mascote",Grande São Paulo,372,23.1,7.38,1.37,121,158,10,11,1,8,0,1,0,0
900574962,"Turbo, Fresh, Santo Amaro",Grande São Paulo,298,23.2,6.41,1.48,113,142,5,9,1,4,0,1,0,0
900561339,"Turbo, Fresh, Barra da Tijuca 2",Rio De Janeiro,329,23.2,6.0,1.35,113,141,1,1,2,3,0,2,0,0
900574949,"Turbo, Fresh, Alto do Ipiranga",Grande São Paulo,314,23.2,7.49,1.43,113,141,3,4,10,4,1,9,0,0
900574961,"Turbo, Fresh, Morumbi",Grande São Paulo,282,23.4,7.57,1.48,110,132,6,20,3,5,0,3,0,0
900561318,"Turbo, Fresh, Recife Sul",Recife,307,23.5,7.42,1.3,95,128,7,14,3,2,0,3,0,0
900561328,"Turbo, Fresh, PA Centro",Porto Alegre,263,23.4,7.66,1.41,96,124,7,18,0,0,0,0,0,0
900602957,"Turbo, Fresh, Vila Izabel",Curitiba,290,23.2,8.57,1.3,94,123,10,15,10,0,0,10,0,0
900561338,"Turbo, Fresh, Tijuca",Rio De Janeiro,270,23.6,7.79,1.38,93,119,1,3,6,5,0,6,0,0
900722640,"Turbo, Catete II",Rio De Janeiro,259,22.9,8.43,1.45,95,117,5,15,5,4,0,5,0,0
900574944,"Turbo, Fresh, Aclimação",Grande São Paulo,254,23.2,7.17,1.54,101,117,6,16,3,4,0,3,0,0
900574954,"Turbo, Fresh, Santana",Grande São Paulo,233,23.2,10.13,1.44,85,103,6,6,11,2,0,11,0,0
900739646,"Turbo, Vila Andrade",Grande São Paulo,249,22.8,7.43,1.36,78,102,4,22,2,1,0,2,0,0
900602958,"Turbo, Fresh, Alto do XV",Curitiba,258,23.1,8.43,1.33,83,101,11,14,6,0,0,6,0,0
900601551,"Turbo, Fresh, Santo André",Grande São Paulo,222,23.2,8.45,1.47,92,101,11,13,8,5,0,8,0,0
900574938,"Turbo, Fresh, Vila Prudente",Grande São Paulo,244,23.7,8.1,1.35,80,99,3,5,8,4,0,8,0,0
900581196,"Turbo, Fresh, Carrão",Grande São Paulo,203,23.1,8.76,1.5,81,95,5,6,3,4,0,3,0,0
900561332,"Turbo, Fresh, Nova Recreio",Rio De Janeiro,208,23.1,7.64,1.43,72,90,4,6,3,4,0,3,0,0
900578430,"Turbo, Fresh, Barra da Tijuca 3",Rio De Janeiro,204,23.2,7.19,1.43,72,87,6,7,2,0,0,2,0,0
900581708,"Turbo, Fresh, Cambui",Campinas,168,23.4,7.54,1.52,63,82,3,3,2,0,0,2,0,0
900604367,"Turbo, Fresh, Bonfinglioli",Grande São Paulo,135,23.6,7.1,1.65,62,71,3,3,0,3,0,0,0,0
900581226,"Turbo, Fresh, Alphaville",Grande São Paulo,129,23.4,8.83,1.47,53,62,0,0,2,0,0,2,0,0
900714349,Doce aquarella vila olimpia,Grande São Paulo,203,22.9,7.37,1.07,46,58,1,1,6,1,0,6,0,0
900580711,"Turbo, fresh, Castelo",Belo Horizonte,116,22.8,6.43,1.36,41,52,5,7,0,1,0,0,0,0
900732329,"Doce aquarella, Jardins",Grande São Paulo,149,23.1,7.43,1.19,42,51,2,2,2,0,0,2,0,0
900737731,"Turbo 20, Market Recife Sul",Recife,97,23.1,11.11,1.34,35,42,0,0,1,1,0,1,0,0
900737732,"Turbo 20, Market Cambui",Campinas,89,23.9,12.14,1.49,33,42,4,15,3,0,0,3,0,0
900714353,Doce aquarella brooklin,Grande São Paulo,125,23.7,7.46,1.12,27,41,0,0,2,1,0,2,0,0
900737730,"Turbo 20, Market Aflitos",Recife,90,22.8,16.75,1.29,29,36,6,12,23,2,0,23,0,0
900714355,Doce aquarella bela vista,Grande São Paulo,127,23.6,9.54,0.87,23,35,0,0,3,0,0,3,0,0
900737733,"Turbo 20, Market Aldeota",Fortaleza,83,23.0,12.12,1.32,28,33,1,1,1,1,0,1,0,0
900714348,Doce aquarella moema,Grande São Paulo,100,23.5,6.5,1.02,24,32,0,0,0,0,0,0,0,0
900737737,"Turbo 20, Market Estoril",Belo Horizonte,85,23.9,10.78,1.16,22,31,7,11,1,1,0,1,0,0
900737750,"Turbo 20, Market Vila Olimpia",Grande São Paulo,65,22.6,10.65,1.53,25,31,3,3,1,0,0,1,0,0
900739791,"Turbo, Fresh Botafogo II",Rio De Janeiro,71,23.4,11.44,1.3,24,29,0,0,4,1,0,4,0,0
900737751,"Turbo 20, Market Morumbi",Grande São Paulo,65,23.6,11.18,1.23,20,26,0,0,2,0,0,2,0,0
900737748,"Turbo 20, Market Carrão",Grande São Paulo,60,23.3,14.65,1.39,23,26,5,12,7,2,0,7,0,0
900737735,"Turbo 20, Market Santa Efigênia",Belo Horizonte,68,22.9,16.38,1.21,18,25,4,10,17,0,0,14,3,0
900737756,"Turbo 20, Market Santana",Grande São Paulo,66,23.0,14.55,1.25,20,25,4,4,7,1,0,7,0,0
900714347,Doce aquarella santa cecília,Grande São Paulo,83,23.4,7.39,1.04,21,24,1,1,0,1,0,0,0,0
900714354,Doce aquarella vila clementino,Grande São Paulo,68,24.1,7.05,0.99,16,23,2,2,0,0,0,0,0,0
900737757,"Turbo 20, Market Vila Prudente",Grande São Paulo,56,22.5,14.08,1.33,20,22,2,3,6,1,0,6,0,0
900737762,"Turbo 20, Market Brooklin",Grande São Paulo,49,23.4,11.74,1.48,21,22,0,0,2,0,0,2,0,0
900737759,"Turbo 20, Market Santo André",Grande São Paulo,76,23.1,14.07,0.93,17,21,2,10,12,2,0,12,0,0
900737734,"Turbo 20, Market Vila Izabel",Curitiba,52,22.8,13.2,1.24,19,20,7,10,3,1,0,3,0,0
900737764,"Turbo 20, Market Santo Amaro",Grande São Paulo,47,23.6,11.02,1.3,18,20,3,3,4,1,0,4,0,0
900737754,"Turbo 20, Market Vila Mascote",Grande São Paulo,40,23.4,12.05,1.33,14,19,0,0,2,1,0,2,0,0
900714346,Doce aquarella vila madalena,Grande São Paulo,71,22.6,6.49,1.02,15,18,0,0,0,0,0,0,0,0
900739645,"Turbo, Osasco",Grande São Paulo,59,23.5,16.41,1.1,15,18,1,1,14,2,0,14,0,0
900737736,"Turbo 20, Market Alto do XV",Curitiba,52,22.5,12.34,1.1,11,15,1,1,4,1,0,4,0,0
900739798,"Turbo, Fresh, PA Centro",Porto Alegre,17,28.9,12.09,2.27,14,15,0,0,0,0,0,0,0,0
900714342,Doce aquarella lapa,Grande São Paulo,39,23.7,7.52,1.01,7,14,0,0,0,2,0,0,0,0
900714352,Doce aquarella santo amaro,Grande São Paulo,38,24.5,7.0,1.01,9,14,0,0,0,1,0,0,0,0
900737761,"Turbo 20, Market Bonfinglioli",Grande São Paulo,27,23.4,10.74,1.37,8,13,0,0,1,0,0,1,0,0
900737755,"Turbo 20, Market Alphaville",Grande São Paulo,45,23.5,12.62,1.01,9,12,0,0,3,3,0,3,0,0
900737766,"Turbo 20, Market Alto do Ipiranga",Grande São Paulo,40,23.0,13.68,0.94,8,12,2,4,4,1,0,4,0,0
900688579,Mercado Rappi - Santa Cecília,Grande São Paulo,30,22.5,9.15,1.22,10,11,0,0,1,1,0,1,0,0
900737758,"Turbo 20, Market Santa Cecília",Grande São Paulo,27,25.6,10.39,1.28,6,11,1,2,0,1,0,0,0,0
900737741,"Turbo 20, Market Castelo",Belo Horizonte,23,22.4,12.81,1.3,7,11,2,2,2,1,0,1,1,0
900737763,"Turbo 20, Market Lapa",Grande São Paulo,30,23.5,12.63,1.16,7,8,0,0,1,0,0,1,0,0
900714343,Doce aquarella morumbi,Grande São Paulo,22,24.0,7.56,1.01,4,7,0,0,0,0,0,0,0,0
900731571,"Turbo Fresh, Jardins",Grande São Paulo,15,21.5,10.43,1.69,5,7,0,0,0,1,0,0,0,0
900737753,"Turbo 20, Market Aclimação",Grande São Paulo,23,21.9,13.33,1.26,5,6,0,0,2,1,0,2,0,0
900737765,"Turbo 20, Market Moema",Grande São Paulo,21,21.8,9.01,1.44,6,6,0,0,0,1,0,0,0,0
900737729,"Turbo 20, Market Vila Madalena",Grande São Paulo,14,22.3,9.26,1.83,6,6,0,0,0,0,0,0,0,0
900739787,"Turbo, Fresh, Santa Efigênia",Belo Horizonte,7,27.7,14.69,1.76,4,6,0,0,0,0,0,0,0,0
900685595,Mercado Rappi - PA Centro,Porto Alegre,6,23.7,6.14,2.61,5,6,0,0,0,0,0,0,0,0
900733456," Doce Aquarella, Cambui",Campinas,26,24.4,9.08,0.72,1,5,0,0,0,0,0,0,0,0
900714356,Doce aquarella vila mascote,Grande São Paulo,19,23.6,7.17,0.81,3,5,0,0,0,0,0,0,0,0
900688588,Mercado Rappi - Vila Madalena,Grande São Paulo,14,22.1,7.38,1.29,5,5,0,0,0,0,0,0,0,0
900731570,"Turbo Fresh, Jardins",Grande São Paulo,11,23.0,13.04,1.3,5,5,0,0,1,0,0,1,0,0
900714338,Doce aquarella santana,Grande São Paulo,17,23.6,10.62,1.12,4,4,0,0,0,0,0,0,0,0
900722108,"Turbo, Fresh Botafogo II",Rio De Janeiro,11,22.9,10.99,1.03,3,4,0,0,1,0,0,1,0,0
900707209,"Turbo, Fresh, Brooklin",Grande São Paulo,7,27.4,7.5,1.48,2,4,0,0,0,0,0,0,0,0
900739670,"Turbo 20, Market Aldeota",Fortaleza,7,22.7,14.48,1.71,3,4,0,0,1,0,0,1,0,0
900706708,"Turbo, Fresh, Vila Olimpia",Grande São Paulo,6,23.2,6.87,1.22,2,4,0,0,0,0,0,0,0,0
900739676,"Turbo 20, Market Santana",Grande São Paulo,6,20.3,11.36,1.78,4,4,0,0,0,0,0,0,0,0
900580720,"Turbo, Bebidas, Santa Efignênia",Belo Horizonte,6,20.2,11.34,1.78,4,4,0,0,0,0,0,0,0,0
900707218,"Turbo, Fresh, Vila Madalena",Grande São Paulo,5,23.8,5.94,2.27,4,4,0,0,0,0,0,0,0,0
900561631,"Turbo, Fresh, Aflitos",Recife,16,22.2,11.42,1.04,2,3,1,2,2,0,0,2,0,0
900714344,Doce aquarella carrão,Grande São Paulo,13,23.7,6.99,0.85,3,3,1,2,0,0,0,0,0,0
900561547,"Turbo, Fresh, Aldeota",Fortaleza,12,22.7,7.82,0.69,2,3,0,0,0,1,0,0,0,0
900688565,Mercado Rappi - Leblon,Rio De Janeiro,11,22.1,5.61,0.88,2,3,0,0,0,0,0,0,0,0
900724371,Mercado Rappi - Botafogo II,Rio De Janeiro,11,23.8,7.89,0.76,1,3,0,0,0,0,0,0,0,0
900707198,"Turbo, Fresh, Nova Recreio",Rio De Janeiro,10,24.6,11.58,0.83,1,3,0,0,1,0,0,1,0,0
900714345,Doce aquarella santo andré,Grande São Paulo,10,23.8,11.96,0.83,1,3,0,0,2,0,0,2,0,0
900707224,"Turbo, Fresh, Ipanema",Rio De Janeiro,10,25.1,5.17,0.97,3,3,0,0,0,0,0,0,0,0
900685582,Mercado Rappi - Recife Sul,Recife,9,23.0,6.39,1.11,2,3,0,0,0,0,0,0,0,0
900714350,Doce aquarella aclimação,Grande São Paulo,9,25.1,9.3,1.0,2,3,0,0,0,0,0,0,0,0
900714341,Doce aquarella vila prudente,Grande São Paulo,8,25.6,13.24,0.62,1,3,0,0,0,1,0,0,0,0
900707213,"Turbo, Fresh, Lapa",Grande São Paulo,8,24.8,8.63,1.17,2,3,0,0,0,0,0,0,0,0
900688575,Mercado Rappi - Vila Olimpia,Grande São Paulo,8,21.9,7.98,1.25,3,3,0,0,0,0,0,0,0,0
900707222,"Turbo, Fresh, Alto do XV",Curitiba,7,23.7,12.84,1.57,3,3,0,0,0,0,0,0,0,0
900739981,"Adega Rappi, Vila Andrade",Grande São Paulo,7,22.0,7.13,1.38,3,3,0,0,0,0,0,0,0,0
900685589,Mercado Rappi - Estoril,Belo Horizonte,6,26.2,7.0,1.11,1,3,1,4,0,0,0,0,0,0
900706921,"Turbo, Fresh, Tijuca",Rio De Janeiro,6,24.8,11.29,1.22,1,3,0,0,1,0,0,1,0,0
900685611,Mercado Rappi - Morumbi,Grande São Paulo,6,22.7,7.08,1.67,3,3,0,0,0,0,0,0,0,0
900731572,"Turbo Fresh, Jardins",Grande São Paulo,6,22.5,9.8,1.17,1,3,0,0,0,0,0,0,0,0
900739989,"Turbo, Vila Andrade",Grande São Paulo,6,21.8,7.75,1.56,3,3,0,0,0,1,0,0,0,0
900707220,"Turbo, Fresh, Vila Izabel",Curitiba,4,23.0,8.22,2.17,3,3,0,0,0,0,0,0,0,0
900706815,"Turbo, Fresh, Bela Vista",Grande São Paulo,3,23.3,6.55,2.56,3,3,0,0,0,0,0,0,0,0
900714339,Doce aquarella alphaville,Grande São Paulo,16,22.8,10.68,0.77,2,2,0,0,2,0,0,2,0,0
900707205,"Turbo, Fresh, Aflitos",Recife,14,24.6,8.36,0.55,2,2,0,0,0,0,0,0,0,0
900714351,Doce aquarella alto do ipiranga,Grande São Paulo,12,25.6,10.13,0.81,2,2,0,0,1,0,0,1,0,0
900707197,"Turbo, Fresh, Tijuca",Rio De Janeiro,9,25.2,11.16,0.81,2,2,0,0,0,0,0,0,0,0
900685590,Mercado Rappi - Santa Efigênia,Belo Horizonte,9,23.7,8.84,1.0,1,2,0,0,0,0,0,0,0,0
900737752,"Turbo 20, Market Bela Vista",Grande São Paulo,9,21.8,8.61,0.85,2,2,0,0,0,1,0,0,0,0
900731574,"Turbo Fresh, Jardins",Grande São Paulo,8,25.6,9.45,0.96,2,2,0,0,0,1,0,0,0,0
900581710,"Turbo, Fresh, Cambui",Campinas,8,23.1,7.12,0.67,0,2,0,0,0,0,0,0,0,0
900739816,"Turbo, Vila Andrade",Grande São Paulo,8,21.1,11.28,0.83,1,2,0,0,1,0,0,1,0,0
900739817,"Turbo, Fresh, Alto do XV",Curitiba,7,28.0,14.49,0.81,1,2,0,0,0,0,0,0,0,0
900685550,Mercado Rappi - Aldeota,Fortaleza,7,26.1,7.16,0.86,1,2,0,0,0,0,0,0,0,0
900561523,"Turbo, Fresh, Recife Sul",Recife,7,21.9,7.88,0.86,2,2,0,0,0,0,0,0,0,0
900707196,"Turbo, Fresh, Vila Olimpia",Grande São Paulo,6,23.5,6.95,1.39,2,2,0,0,0,0,0,0,0,0
900707201,"Turbo, Fresh, Barra da Tijuca 2",Rio De Janeiro,6,24.8,6.32,1.22,2,2,0,0,0,0,0,0,0,0
900688567,Mercado Rappi - Barra da Tijuca 2,Rio De Janeiro,6,21.8,4.56,1.28,2,2,0,0,0,0,0,0,0,0
900581709,"Turbo, Fresh, Cambui",Campinas,6,20.8,8.63,0.94,2,2,0,0,0,0,0,0,0,0
900688583,Mercado Rappi - Vila Prudente,Grande São Paulo,6,22.7,5.98,1.05,1,2,1,6,0,0,0,0,0,0
900575124,"Turbo, Fresh, Morumbi",Grande São Paulo,6,20.5,6.19,1.5,2,2,0,0,0,0,0,0,0,0
900707219,"Turbo, Fresh, Moema",Grande São Paulo,5,23.8,7.85,1.87,2,2,0,0,0,0,0,0,0,0
900731563,"Turbo Fresh, Jardins",Grande São Paulo,5,25.4,8.63,1.0,2,2,0,0,0,0,0,0,0,0
900706729,"Turbo, Fresh, Santa Cecília",Grande São Paulo,5,24.6,7.58,1.13,1,2,0,0,0,0,0,0,0,0
900575050,"Turbo, Bebidas, Alto do Ipiranga",Grande São Paulo,5,21.2,6.16,1.8,2,2,0,0,0,0,0,0,0,0
900731568,"Turbo Fresh, Jardins",Grande São Paulo,5,22.2,9.87,1.67,2,2,1,1,0,0,0,0,0,0
900685574,Mercado Rappi - Cambui,Campinas,5,24.2,9.17,1.07,1,2,0,0,0,1,0,0,0,0
900739973,"Turbo, Vila Andrade",Grande São Paulo,5,20.6,8.5,1.53,2,2,0,0,0,0,0,0,0,0
900685594,Mercado Rappi - Alto do XV,Curitiba,5,21.2,8.02,1.6,2,2,0,0,0,0,0,0,0,0
900707223,"Turbo, Fresh, PA Centro",Porto Alegre,5,21.6,4.75,1.13,2,2,0,0,0,0,0,0,0,0
900739717,"Turbo 20, Market Vila Olimpia",Grande São Paulo,5,21.8,7.25,1.2,2,2,0,0,0,0,0,0,0,0
900739790,"Turbo, Fresh, Aflitos",Recife,4,28.0,17.45,1.17,1,2,0,0,2,0,0,2,0,0
900723149,"Turbo, Catete II",Rio De Janeiro,4,23.8,7.61,1.08,1,2,0,0,0,0,0,0,0,0
900739713,"Turbo 20, Market Aldeota",Fortaleza,4,24.5,9.18,1.08,1,2,0,0,0,0,0,0,0,0
900739979,"Turbo, Vila Andrade",Grande São Paulo,4,22.5,6.91,0.92,1,2,0,0,0,0,0,0,0,0
900739711,"Turbo 20, Market Vila Mascote",Grande São Paulo,3,24.7,7.54,1.56,1,2,0,0,0,0,0,0,0,0
900739724,"Turbo 20, Market Alto do XV",Curitiba,3,24.3,7.63,1.89,2,2,0,0,0,0,0,0,0,0
900739683,"Turbo 20, Market Alphaville",Grande São Paulo,3,24.3,14.14,1.56,2,2,0,0,0,0,0,0,0,0
900706820,"Turbo, Fresh, Moema",Grande São Paulo,3,27.3,5.69,1.11,0,2,0,0,0,0,0,0,0,0
900707128,"Turbo, Fresh, Barra da Tijuca 2",Rio De Janeiro,3,23.0,4.31,1.0,1,2,0,0,0,0,0,0,0,0
900739991,"Turbo, Vila Andrade",Grande São Paulo,3,24.3,10.85,1.89,2,2,0,0,0,0,0,0,0,0
900739719,"Turbo 20, Market Alphaville",Grande São Paulo,3,23.0,10.71,2.22,2,2,0,0,0,0,0,0,0,0
900601553,"Turbo, Bebidas, Santo André",Grande São Paulo,3,20.7,13.2,1.56,2,2,0,0,0,0,0,0,0,0
900739700,"Turbo 20, Market Castelo",Belo Horizonte,3,21.7,8.45,1.67,2,2,0,0,0,0,0,0,0,0
900575122,"Turbo, Bebidas, Morumbi",Grande São Paulo,3,20.0,6.72,1.67,2,2,0,0,0,0,0,0,0,0
900706814,"Turbo, Fresh, Lapa",Grande São Paulo,2,28.5,6.49,1.67,1,2,0,0,0,0,0,0,0,0
900731560,"Turbo Fresh, Jardins",Grande São Paulo,2,27.0,14.95,2.83,2,2,0,0,0,0,0,0,0,0
900707191,"Turbo, Fresh, Aldeota",Fortaleza,13,23.6,8.41,0.33,0,1,0,0,0,0,0,0,0,0
900688569,Mercado Rappi - Ipanema,Rio De Janeiro,10,24.8,5.46,0.57,1,1,0,0,0,0,0,0,0,0
900561629,"Turbo, Fresh, Aflitos",Recife,9,21.8,8.01,0.52,1,1,0,0,0,1,0,0,0,0
900739705,"Turbo 20, Market Aflitos",Recife,9,20.1,15.62,1.04,1,1,3,4,2,0,0,2,0,0
900707212,"Turbo, Fresh, Vila Clementino",Grande São Paulo,8,25.8,6.57,0.33,0,1,0,0,0,0,0,0,0,0
900707188,"Turbo, Fresh, Recife Sul",Recife,6,22.8,8.8,0.67,1,1,0,0,0,0,0,0,0,0
900739702,"Turbo 20, Market Vila Izabel",Curitiba,6,22.0,9.26,1.11,1,1,1,1,0,0,0,0,0,0
900739687,"Turbo 20, Market Santa Efigênia",Belo Horizonte,6,19.0,14.22,1.22,1,1,1,1,0,1,0,0,0,0
900739674,"Turbo 20, Market Vila Mascote",Grande São Paulo,6,18.3,8.97,1.17,1,1,0,0,0,0,0,0,0,0
900707214,"Turbo, Fresh, Bela Vista",Grande São Paulo,5,25.6,9.86,0.87,0,1,0,0,0,0,0,0,0,0
900707215,"Turbo, Fresh, Santa Efigênia",Belo Horizonte,5,24.8,9.89,0.87,1,1,0,0,0,0,0,0,0,0
900737760,Turbo 20 Market Jardins,Grande São Paulo,5,23.4,6.66,0.8,1,1,0,0,0,1,0,0,0,0
900731576,"Turbo Fresh, Jardins",Grande São Paulo,5,23.4,8.64,1.07,1,1,0,0,0,0,0,0,0,0
900723137,"Turbo, Catete II",Rio De Janeiro,5,24.4,9.1,0.66,1,1,0,0,0,0,0,0,0,0
900731564,"Turbo Fresh, Jardins",Grande São Paulo,5,22.6,9.07,0.87,1,1,0,0,0,0,0,0,0,0
900707216,"Turbo, Fresh, Santo André",Grande São Paulo,5,23.8,7.11,0.67,1,1,2,11,0,0,0,0,0,0
900739709,"Turbo 20, Market Recife Sul",Recife,5,20.0,6.5,1.07,0,1,0,0,0,0,0,0,0,0
900574986,"Turbo, Fresh, Vila Prudente",Grande São Paulo,5,22.6,6.12,1.0,1,1,0,0,0,0,0,0,0,0
900561521,"Turbo, Fresh, Recife Sul",Recife,5,19.0,8.81,0.73,1,1,0,0,0,0,0,0,0,0
900739693,"Turbo 20, Market Santa Cecília",Grande São Paulo,4,23.0,5.09,1.5,1,1,0,0,0,0,0,0,0,0
900739729,"Turbo 20, Market Santa Cecília",Grande São Paulo,4,26.8,7.99,0.83,0,1,0,0,0,0,0,0,0,0
900706940,"Turbo, Fresh, Santo André",Grande São Paulo,4,26.0,6.84,0.83,0,1,2,3,0,0,0,0,0,0
900602970,"Turbo, Fresh, Alto do XV",Curitiba,4,21.8,10.16,0.75,1,1,0,0,0,0,0,0,0,0
900739993,"Turbo, Vila Andrade",Grande São Paulo,4,25.5,8.09,0.92,1,1,1,1,0,0,0,0,0,0
900706468,"Turbo, Fresh, Vila Olimpia",Grande São Paulo,4,24.2,6.65,0.33,0,1,0,0,0,0,0,0,0,0
900707133,"Turbo, Fresh, Alto do Ipiranga",Grande São Paulo,4,25.8,8.79,0.58,0,1,0,0,0,0,0,0,0,0
900601554,"Turbo, Fresh, Santo André",Grande São Paulo,4,22.0,8.52,0.5,0,1,0,0,0,0,0,0,0,0
900706948,"Turbo, Fresh, Ipanema",Rio De Janeiro,4,24.2,3.97,0.92,1,1,0,0,0,0,0,0,0,0
900731548,Rappi Bebida Jardins,Grande São Paulo,4,24.8,9.28,1.08,1,1,0,0,0,0,0,0,0,0
900575152,"Turbo, Bebidas, Santa Cecilia",Grande São Paulo,4,20.5,6.96,1.33,1,1,0,0,0,0,0,0,0,0
900707203,"Turbo, Fresh, Santo Amaro",Grande São Paulo,4,22.8,7.18,0.67,0,1,0,0,0,0,0,0,0,0
900707140,"Turbo, Fresh, Lapa",Grande São Paulo,4,22.8,7.55,1.08,1,1,0,0,0,0,0,0,0,0
900739739,"Turbo 20, Market Santo André",Grande São Paulo,4,22.8,9.55,0.33,0,1,0,0,0,0,0,0,0,0
900739955,"Turbo, Vila Andrade",Grande São Paulo,4,22.8,8.79,0.75,1,1,0,0,0,0,0,0,0,0
900707221,"Turbo, Fresh, Santana",Grande São Paulo,4,22.8,7.45,1.17,1,1,0,0,0,0,0,0,0,0
900689021,Rappi Bebidas - Vila Mascote,Grande São Paulo,4,22.8,8.3,0.75,1,1,0,0,0,0,0,0,0,0
900706477,"Turbo, Fresh, Aflitos",Recife,4,23.2,10.05,0.83,1,1,1,1,0,0,0,0,0,0
900688564,Mercado Rappi - Recreio,Rio De Janeiro,4,23.0,6.93,1.75,1,1,0,0,0,0,0,0,0,0
900731565,"Turbo Fresh, Jardins",Grande São Paulo,4,19.0,6.92,1.08,1,1,0,0,0,0,0,0,0,0
900731559,"Turbo Fresh, Jardins",Grande São Paulo,3,27.3,14.9,1.11,1,1,0,0,1,0,0,1,0,0
900536647,"Turbo, Fresh, Vila Mascote",Grande São Paulo,3,27.0,5.73,0.78,1,1,0,0,0,0,0,0,0,0
900707199,"Turbo, Fresh, Morumbi",Grande São Paulo,3,24.7,9.51,0.67,0,1,0,0,0,0,0,0,0,0
900602971,"Turbo, Fresh, Alto do XV",Curitiba,3,26.0,6.97,0.78,0,1,0,0,0,0,0,0,0,0
900706648,"Turbo, Fresh, Santa Efigênia",Belo Horizonte,3,26.7,8.78,0.66,0,1,0,0,0,0,0,0,0,0
900706730,"Turbo, Fresh, Vila Madalena",Grande São Paulo,3,25.7,6.99,1.56,1,1,0,0,0,0,0,0,0,0
900731577,"Turbo Fresh, Jardins",Grande São Paulo,3,24.0,8.23,0.89,1,1,0,0,0,0,0,0,0,0
900685592,Mercado Rappi - Castelo,Belo Horizonte,3,24.7,6.55,1.34,1,1,0,0,0,0,0,0,0,0
900706816,"Turbo, Fresh, Santa Efigênia",Belo Horizonte,3,24.7,25.29,1.33,1,1,0,0,1,0,0,1,0,0
900688582,Mercado Rappi - Vila Clementino,Grande São Paulo,3,23.7,7.96,1.22,1,1,0,0,0,1,0,0,0,0
900706584,"Turbo, Fresh, Aldeota",Fortaleza,3,22.3,7.41,1.11,1,1,0,0,0,0,0,0,0,0
900737749,"Turbo 20, Market Vila Clementino",Grande São Paulo,3,22.7,14.93,0.89,1,1,0,0,1,0,0,1,0,0
900706807,"Turbo, Fresh, Alto do Ipiranga",Grande São Paulo,3,23.3,7.68,0.33,0,1,0,0,0,0,0,0,0,0
900706731,"Turbo, Fresh, Moema",Grande São Paulo,3,23.3,6.3,1.11,1,1,0,0,0,0,0,0,0,0
900706481,"Turbo, Fresh, Brooklin",Grande São Paulo,3,22.3,5.74,1.22,1,1,0,0,0,0,0,0,0,0
900707192,"Turbo Fresh, Estoril",Belo Horizonte,3,21.3,13.64,1.0,1,1,0,0,1,0,0,1,0,0
900707189,"Turbo, Fresh, Aclimação",Grande São Paulo,3,22.0,10.29,1.11,1,1,0,0,0,0,0,0,0,0
900575051,"Turbo, Fresh, Alto do Ipiranga",Grande São Paulo,3,22.7,5.67,0.89,1,1,0,0,0,0,0,0,0,0
900739975,"Turbo, Vila Andrade",Grande São Paulo,3,20.3,7.26,1.33,1,1,0,0,0,0,0,0,0,0
900739696,"Turbo 20, Market Alto do Ipiranga",Grande São Paulo,3,20.3,6.19,1.44,1,1,0,0,0,0,0,0,0,0
900575116,"Turbo, Bebidas, Bela Vista",Grande São Paulo,3,18.7,7.05,1.45,1,1,0,0,0,0,0,0,0,0
900580712,"Turbo, Bebidas, Castelo",Belo Horizonte,3,18.7,4.66,1.11,1,1,0,0,0,0,0,0,0,0
900739731,"Turbo 20, Market Santa Efigênia",Belo Horizonte,2,29.5,7.84,0.67,0,1,0,0,0,0,0,0,0,0
900706474,"Turbo, Fresh, Leblon",Rio De Janeiro,2,25.0,6.12,2.0,1,1,0,0,0,0,0,0,0,0
900707151,"Turbo, Fresh, Ipanema",Rio De Janeiro,2,28.5,3.71,0.67,0,1,0,0,0,0,0,0,0,0
900707137,"Turbo, Fresh, Cambui",Campinas,2,25.0,6.02,1.33,1,1,0,0,0,1,0,0,0,0
900706818,"Turbo, Fresh, Santa Cecília",Grande São Paulo,2,28.0,7.17,1.33,1,1,0,0,0,0,0,0,0,0
900707200,"Turbo, Fresh, Carrão",Grande São Paulo,2,29.0,9.84,1.5,1,1,0,0,0,0,0,0,0,0
900706789,"Turbo, Fresh, Recife Sul",Recife,2,28.5,8.16,0.5,0,1,0,0,0,0,0,0,0,0
900739733,"Turbo 20, Market Estoril",Belo Horizonte,2,24.0,13.71,1.17,1,1,0,0,0,0,0,0,0,0
900602969,"Turbo, Bebidas, Alto do XV",Curitiba,2,29.0,9.05,0.67,0,1,0,0,0,0,0,0,0,0
900706810,"Turbo, Fresh, Brooklin",Grande São Paulo,2,27.5,6.4,1.33,1,1,0,0,0,0,0,0,0,0
900731569,"Turbo Fresh, Jardins",Grande São Paulo,2,25.5,4.63,0.5,0,1,0,0,0,0,0,0,0,0
900706876,"Turbo, Fresh, Aldeota",Fortaleza,2,27.5,4.98,1.5,1,1,0,0,0,0,0,0,0,0
900739725,"Turbo 20, Market Santo Amaro",Grande São Paulo,2,27.0,6.47,0.83,0,1,0,0,0,0,0,0,0,0
900685607,Mercado Rappi - Tijuca,Rio De Janeiro,2,26.5,4.35,2.17,1,1,0,0,0,0,0,0,0,0
900739744,"Turbo 20, Market Recife Sul",Recife,2,24.5,13.12,1.67,1,1,0,0,0,0,0,0,0,0
900739985,"Turbo, Vila Andrade",Grande São Paulo,2,27.0,10.01,1.0,1,1,1,1,0,0,0,0,0,0
900739740,"Turbo 20, Market Brooklin",Grande São Paulo,2,26.0,8.73,1.83,1,1,0,0,0,0,0,0,0,0
900602964,"Turbo, Fresh, Vila Izabel",Curitiba,2,22.5,8.81,1.33,1,1,0,0,0,0,0,0,0,0
900706726,"Turbo, Fresh, Bela Vista",Grande São Paulo,2,24.0,5.65,1.5,1,1,0,0,0,0,0,0,0,0
900739691,"Turbo 20, Market Cambui",Campinas,2,23.0,8.19,1.0,0,1,0,0,0,0,0,0,0,0
900739718,Turbo 20 Market Jardins,Grande São Paulo,2,25.0,14.02,1.17,1,1,0,0,0,0,0,0,0,0
900706467,"Turbo, Fresh, Vila Mascote",Grande São Paulo,2,23.5,7.78,1.67,1,1,0,0,0,0,0,0,0,0
900739678,"Turbo 20, Market Lapa",Grande São Paulo,2,22.0,10.34,1.0,0,1,0,0,0,0,0,0,0,0
900685610,Mercado Rappi - Lapa,Grande São Paulo,2,24.5,7.65,0.67,0,1,0,0,0,0,0,0,0,0
900575140,"Turbo, Bebidas, Vila Olimpia",Grande São Paulo,2,22.0,6.58,1.5,1,1,1,1,0,0,0,0,0,0
900706687,"Turbo, Fresh, Santa Efigênia",Belo Horizonte,2,24.5,15.19,1.5,1,1,0,0,1,0,0,0,1,0
900739715,"Turbo 20, Market Santana",Grande São Paulo,2,22.5,9.93,2.0,1,1,0,0,0,0,0,0,0,0
900739732,"Turbo 20, Market Carrão",Grande São Paulo,2,23.0,13.23,1.5,1,1,0,0,0,0,0,0,0,0
900706777,"Turbo, Fresh, Santa Cecília",Grande São Paulo,2,22.5,7.11,2.0,1,1,0,0,0,0,0,0,0,0
900601555,"Turbo, Fresh, Santo André",Grande São Paulo,2,23.5,7.21,2.17,1,1,0,0,0,0,0,0,0,0
900706804,"Turbo, Fresh, Santo Amaro",Grande São Paulo,2,21.5,9.6,1.33,1,1,0,0,0,0,0,0,0,0
900581199,"Turbo, Fresh, Carrão",Grande São Paulo,2,21.0,26.99,1.67,1,1,1,1,1,0,0,1,0,0
900739959,"Turbo, Vila Andrade",Grande São Paulo,2,22.0,6.98,1.5,1,1,0,0,0,0,0,0,0,0
900739688,"Turbo 20, Market Aclimação",Grande São Paulo,2,20.5,9.82,2.0,1,1,0,0,0,0,0,0,0,0
900707186,"Turbo, Fresh, Barra da Tijuca 3",Rio De Janeiro,2,21.0,4.86,1.83,1,1,0,0,0,0,0,0,0,0
900561581,"Turbo, Bebidas, PA Centro",Porto Alegre,2,19.5,9.63,1.5,1,1,0,0,0,0,0,0,0,0
900739931,"Turbo, Vila Andrade",Grande São Paulo,2,18.5,24.6,2.0,1,1,0,0,2,0,0,2,0,0
900731566,"Turbo Fresh, Jardins",Grande São Paulo,2,18.5,5.74,1.0,1,1,0,0,0,0,0,0,0,0
900739986,"Turbo, Osasco",Grande São Paulo,1,30.0,13.88,2.33,1,1,1,1,0,0,0,0,0,0
900706668,"Turbo, Fresh, Vila Olimpia",Grande São Paulo,1,30.0,10.35,1.0,0,1,0,0,0,0,0,0,0,0
900706486,"Turbo, Fresh, Bela Vista",Grande São Paulo,1,30.0,6.98,3.0,1,1,0,0,0,0,0,0,0,0
900739851,"Turbo 20, Market Vila Clementino",Grande São Paulo,1,30.0,4.93,2.0,1,1,0,0,0,0,0,0,0,0
900706783,"Turbo, Fresh, PA Centro",Porto Alegre,1,30.0,10.2,3.0,1,1,0,0,0,0,0,0,0,0
900707106,"Turbo, Fresh, Santana",Grande São Paulo,1,30.0,5.82,2.67,1,1,0,0,0,0,0,0,0,0
900706923,"Turbo, Fresh, Morumbi",Grande São Paulo,1,30.0,7.08,2.0,1,1,0,0,0,0,0,0,0,0
900706694,"Turbo, Fresh, Alto do XV",Curitiba,1,29.0,9.43,1.67,0,1,0,0,0,0,0,0,0,0
900650614,"Turbo, Fresh, Vila Olimpia",Grande São Paulo,1,29.0,9.23,1.67,0,1,0,0,0,0,0,0,0,0
900707130,"Turbo, Fresh, Santo Amaro",Grande São Paulo,1,28.0,7.62,2.0,1,1,0,0,0,0,0,0,0,0
900561625,"Turbo Fresh, Estoril",Belo Horizonte,1,28.0,10.45,2.0,1,1,0,0,0,0,0,0,0,0
900706903,"Turbo, Fresh, Vila Madalena",Grande São Paulo,1,28.0,6.48,1.67,0,1,0,0,0,0,0,0,0,0
900739860,"Turbo 20, Market Vila Olimpia",Grande São Paulo,1,27.0,8.6,2.67,1,1,0,0,0,0,0,0,0,0
900707126,"Turbo, Fresh, Morumbi",Grande São Paulo,1,27.0,5.73,3.0,1,1,0,0,0,0,0,0,0,0
900739857,"Turbo 20, Market Vila Madalena",Grande São Paulo,1,27.0,4.17,1.67,0,1,0,0,0,0,0,0,0,0
900650615,"Turbo, Fresh, Carrão",Grande São Paulo,1,27.0,8.27,2.67,1,1,0,0,0,0,0,0,0,0
900707011,"Turbo, Fresh, Aflitos",Recife,1,26.0,11.08,3.0,1,1,0,0,0,0,0,0,0,0
900575159,"Turbo, Fresh, Brooklin",Grande São Paulo,1,26.0,3.93,1.67,0,1,0,0,0,0,0,0,0,0
900739681,"Turbo 20, Market Vila Madalena",Grande São Paulo,1,26.0,7.85,1.33,0,1,0,0,0,0,0,0,0,0
900706769,"Turbo, Fresh, Brooklin",Grande São Paulo,1,25.0,6.68,3.0,1,1,0,0,0,0,0,0,0,0
900722116,"Turbo, Fresh Botafogo II",Rio De Janeiro,1,25.0,8.57,2.0,1,1,0,0,0,0,0,0,0,0
900706616,"Turbo, Fresh, PA Centro",Porto Alegre,1,23.0,4.35,2.67,1,1,0,0,0,0,0,0,0,0
900650537,"Turbo, Fresh, Santa Cecília",Grande São Paulo,1,23.0,5.58,2.0,1,1,0,0,0,0,0,0,0,0
900739176,"Itigo Poke, Turbo",Grande São Paulo,1,22.0,11.37,2.67,1,1,1,1,0,0,0,0,0,0
900575016,"Turbo, Fresh, Vila Clementino",Grande São Paulo,1,22.0,5.9,3.0,1,1,0,0,0,0,0,0,0,0
900706942,"Turbo, Fresh, Vila Madalena",Grande São Paulo,1,21.0,4.3,2.33,1,1,0,0,0,0,0,0,0,0
900707194,"Turbo, Fresh, Bonfinglioli",Grande São Paulo,1,21.0,11.53,2.67,1,1,0,0,0,0,0,0,0,0
900706691,"Turbo, Fresh, Moema",Grande São Paulo,1,21.0,7.25,2.67,1,1,0,0,0,0,0,0,0,0
900706941,"Turbo, Fresh, Santa Cecília",Grande São Paulo,1,19.0,7.37,2.0,1,1,0,0,0,0,0,0,0,0
900706490,"Turbo, Fresh, Vila Madalena",Grande São Paulo,1,19.0,7.7,3.0,1,1,0,0,0,0,0,0,0,0
900706817,"Turbo, Fresh, Santo André",Grande São Paulo,1,19.0,9.98,2.67,1,1,0,0,0,0,0,0,0,0
900706582,"Turbo, Fresh, Aclimação",Grande São Paulo,1,18.0,9.92,2.33,1,1,0,0,0,0,0,0,0,0
900706672,"Turbo, Fresh, Carrão",Grande São Paulo,1,18.0,8.37,2.33,1,1,0,0,0,0,0,0,0,0
900706717,"Turbo, Fresh, Aflitos",Recife,1,18.0,6.42,3.0,1,1,0,0,0,0,0,0,0,0
900632438,"Turbo, Alphaville",Grande São Paulo,1,18.0,6.62,2.33,1,1,0,0,0,0,0,0,0,0
900602965,"Turbo, Fresh, Vila Izabel",Curitiba,1,18.0,8.7,2.33,1,1,0,0,0,0,0,0,0,0
900575052,"Turbo, Fresh, Alto do Ipiranga",Grande São Paulo,1,18.0,4.17,2.67,1,1,0,0,0,0,0,0,0,0
900575015,"Turbo, Fresh, Vila Clementino",Grande São Paulo,1,18.0,12.13,3.0,1,1,0,0,0,0,0,0,0,0
900688578,Mercado Rappi - Moema,Grande São Paulo,10,23.9,6.61,0.23,0,0,0,0,0,1,0,0,0,0
900731573,"Turbo Fresh, Jardins",Grande São Paulo,8,23.6,9.61,0.5,0,0,0,0,0,0,0,0,0,0
900688577,Mercado Rappi - Bela Vista,Grande São Paulo,8,21.0,8.04,0.54,0,0,0,0,0,1,0,0,0,0
900685580,Mercado Rappi - Aflitos,Recife,7,23.4,8.75,0.57,0,0,0,0,1,1,0,1,0,0
900707195,"Turbo, Fresh, Vila Mascote",Grande São Paulo,7,22.7,7.86,0.52,0,0,0,0,0,0,0,0,0,0
900561583,"Turbo, Fresh, PA Centro",Porto Alegre,7,22.0,7.54,0.53,0,0,0,0,0,0,0,0,0,0
900739043,"Turbo 20 Market, Osasco",Grande São Paulo,7,21.7,17.56,0.52,0,0,0,0,2,0,0,2,0,0
900685593,Mercado Rappi - Vila Izabel,Curitiba,6,24.7,9.8,0.33,0,0,0,0,0,0,0,0,0,0
900739685,"Turbo 20, Market Alto do XV",Curitiba,6,20.5,7.63,0.61,0,0,0,0,0,0,0,0,0,0
900739690,"Turbo 20, Market Santo André",Grande São Paulo,6,22.3,11.6,0.67,0,0,0,0,0,0,0,0,0,0
900575118,"Turbo, Fresh, Bela Vista",Grande São Paulo,6,21.3,6.24,1.11,0,0,0,0,0,0,0,0,0,0
900706926,"Turbo, Fresh, Leblon",Rio De Janeiro,6,23.2,7.33,0.55,0,0,0,0,0,0,0,0,0,0
900731567,"Turbo Fresh, Jardins",Grande São Paulo,5,24.6,9.87,0.67,0,0,1,1,0,0,0,0,0,0
900574984,"Turbo, Bebidas, Vila Prudente",Grande São Paulo,5,23.6,5.34,0.47,0,0,0,0,0,0,0,0,0,0
900707202,"Turbo, Fresh, Leblon",Rio De Janeiro,5,23.8,9.78,0.6,0,0,0,0,1,0,0,1,0,0
900714340,Doce aquarella jardim bonfiglioli,Grande São Paulo,5,24.2,7.44,0.87,0,0,0,0,0,0,0,0,0,0
900739682,"Turbo 20, Market Vila Olimpia",Grande São Paulo,5,21.0,7.22,0.4,0,0,0,0,0,0,0,0,0,0
900575134,"Turbo, Bebidas, Moema",Grande São Paulo,5,20.4,7.18,0.73,0,0,0,0,0,0,0,0,0,0
900731561,"Turbo Fresh, Jardins",Grande São Paulo,5,22.4,9.65,0.4,0,0,0,0,0,0,0,0,0,0
900561522,"Turbo, Fresh, Recife Sul",Recife,4,21.8,10.11,0.33,0,0,0,0,0,0,0,0,0,0
900581197,"Turbo, Bebidas, Carrão",Grande São Paulo,4,21.8,24.56,0.67,0,0,0,0,1,0,0,1,0,0
900685609,Mercado Rappi - Carrão,Grande São Paulo,4,21.8,9.01,0.67,0,0,0,0,0,0,0,0,0,0
900731557,"Turbo Fresh, Jardins",Grande São Paulo,4,26.0,9.54,0.17,0,0,0,0,1,0,0,1,0,0
900739672,"Turbo 20, Market Vila Prudente",Grande São Paulo,4,22.5,10.46,0.83,0,0,0,0,0,0,0,0,0,0
900575153,"Turbo, Fresh, Santa Cecilia",Grande São Paulo,4,23.2,8.64,0.83,0,0,0,0,0,1,0,0,0,0
900707208,"Turbo, Fresh, Vila Prudente",Grande São Paulo,4,22.5,9.61,0.42,0,0,0,0,0,0,0,0,0,0
900561545,"Turbo, Bebidas, Aldeota",Fortaleza,4,21.2,7.91,0.92,0,0,0,0,0,0,0,0,0,0
900602963,"Turbo, Bebidas, Vila Izabel",Curitiba,4,19.5,5.09,0.58,0,0,0,0,0,0,0,0,0,0
900706596,"Turbo, Fresh, Santo Amaro",Grande São Paulo,4,19.5,5.35,0.33,0,0,0,0,0,0,0,0,0,0
900688573,Mercado Rappi - Santo Amaro,Grande São Paulo,3,25.0,8.89,0.67,0,0,0,0,0,0,0,0,0,0
900739714,"Turbo 20, Market Lapa",Grande São Paulo,3,24.7,11.5,0.33,0,0,0,0,0,0,0,0,0,0
900707115,"Turbo, Fresh, Recife Sul",Recife,3,27.0,8.24,0.11,0,0,0,0,0,0,0,0,0,0
900739792,"Turbo, Fresh, Barra da Tijuca 3",Rio De Janeiro,3,27.0,8.48,0.44,0,0,0,0,0,0,0,0,0,0
900706848,"Turbo, Fresh, Aflitos",Recife,3,24.3,11.51,0.11,0,0,0,0,0,0,0,0,0,0
900688585,Mercado Rappi - Brooklin,Grande São Paulo,3,25.3,6.97,0.78,0,0,0,0,0,0,0,0,0,0
900650543,"Turbo, Fresh, Bela Vista",Grande São Paulo,3,26.0,6.43,0.67,0,0,0,0,0,0,0,0,0,0
900561546,"Turbo, Fresh, Aldeota",Fortaleza,3,23.7,12.65,0.56,0,0,0,0,0,0,0,0,0,0
900706469,"Turbo, Fresh, Tijuca",Rio De Janeiro,3,27.0,9.12,0.22,0,0,0,0,0,0,0,0,0,0
900706947,"Turbo, Fresh, PA Centro",Porto Alegre,3,24.3,6.05,0.44,0,0,0,0,0,0,0,0,0,0
900706463,"Turbo, Fresh, Aldeota",Fortaleza,3,23.0,6.36,0.22,0,0,0,0,0,0,0,0,0,0
900706929,"Turbo, Fresh, Aflitos",Recife,3,25.7,9.1,0.33,0,0,0,0,0,0,0,0,0,0
900707142,"Turbo, Fresh, Santa Efigênia",Belo Horizonte,3,25.0,16.05,0.22,0,0,0,0,1,0,0,1,0,0
900575142,"Turbo, Fresh, Vila Olimpia",Grande São Paulo,3,23.0,6.88,0.67,0,0,0,0,0,0,0,0,0,0
900604380,"Turbo, Fresh, Bonfinglioli",Grande São Paulo,3,21.7,4.13,0.11,0,0,0,0,0,0,0,0,0,0
900707141,"Turbo, Fresh, Bela Vista",Grande São Paulo,3,24.7,7.77,0.0,0,0,0,0,0,2,0,0,0,0
900706494,"Turbo, Fresh, Alto do XV",Curitiba,3,23.7,6.02,0.22,0,0,0,0,0,0,0,0,0,0
900575117,"Turbo, Fresh, Bela Vista",Grande São Paulo,3,21.7,9.53,0.89,0,0,0,0,0,0,0,0,0,0
900724415,Mercado Rappi - Catete II,Rio De Janeiro,3,24.3,10.06,0.33,0,0,0,0,0,0,0,0,0,0
900688571,Mercado Rappi - Vila Mascote,Grande São Paulo,3,22.7,8.2,0.22,0,0,0,0,0,0,0,0,0,0
900706735,"Turbo, Fresh, PA Centro",Porto Alegre,3,23.3,9.82,0.11,0,0,0,0,0,0,0,0,0,0
900706598,"Turbo, Fresh, Aflitos",Recife,3,20.3,6.02,0.78,0,0,0,0,0,0,0,0,0,0
900688576,Mercado Rappi - Alto Do Ipiranga,Grande São Paulo,3,21.7,5.17,0.89,0,0,0,0,0,0,0,0,0,0
900739689,"Turbo 20, Market Santo Amaro",Grande São Paulo,3,21.7,11.55,0.56,0,0,0,0,0,0,0,0,0,0
900706607,"Turbo, Fresh, Bela Vista",Grande São Paulo,3,19.3,9.72,0.55,0,0,0,0,0,0,0,0,0,0
900739675,"Turbo 20, Market Moema",Grande São Paulo,3,19.3,4.72,0.55,0,0,0,0,0,0,0,0,0,0
900706581,"Turbo, Fresh, Recife Sul",Recife,3,19.3,8.12,0.67,0,0,0,0,0,0,0,0,0,0
900706774,"Turbo, Fresh, Bela Vista",Grande São Paulo,2,25.5,8.32,0.0,0,0,0,0,0,0,0,0,0,0
900707118,"Turbo, Fresh, Aldeota",Fortaleza,2,30.0,8.32,0.17,0,0,0,0,0,0,0,0,0,0
900706912,"Turbo, Fresh, Recife Sul",Recife,2,27.5,4.86,0.17,0,0,0,0,0,0,0,0,0,0
900707122,"Turbo, Fresh, Vila Mascote",Grande São Paulo,2,25.5,8.47,0.0,0,0,0,0,0,0,0,0,0,0
900706924,"Turbo, Fresh, Carrão",Grande São Paulo,2,28.0,6.2,0.0,0,0,0,0,0,0,0,0,0,0
900706489,"Turbo, Fresh, Santa Cecília",Grande São Paulo,2,29.5,6.74,0.17,0,0,0,0,0,0,0,0,0,0
900706516,"Turbo, Fresh, Aflitos",Recife,2,24.0,10.05,0.83,0,0,0,0,0,0,0,0,0,0
900706707,"Turbo, Fresh, Vila Mascote",Grande São Paulo,2,25.0,9.95,0.34,0,0,0,0,0,1,0,0,0,0
900706932,"Turbo, Fresh, Vila Prudente",Grande São Paulo,2,25.5,4.83,0.5,0,0,0,0,0,0,0,0,0,0
900706475,"Turbo, Fresh, Santo Amaro",Grande São Paulo,2,26.0,7.58,0.5,0,0,0,0,0,1,0,0,0,0
900707136,"Turbo, Fresh, Brooklin",Grande São Paulo,2,24.5,7.71,0.5,0,0,0,0,0,0,0,0,0,0
900706488,"Turbo, Fresh, Santo André",Grande São Paulo,2,25.0,7.1,0.34,0,0,0,0,0,0,0,0,0,0
900707124,"Turbo, Fresh, Tijuca",Rio De Janeiro,2,24.0,6.78,0.0,0,0,0,0,0,0,0,0,0,0
900739845,"Turbo 20, Market Aflitos",Recife,2,24.0,10.45,0.34,0,0,0,0,0,0,0,0,0,0
900739825,"Turbo, fresh, Castelo",Belo Horizonte,2,29.0,10.39,0.33,0,0,0,0,0,0,0,0,0,0
900707029,"Turbo, Fresh, PA Centro",Porto Alegre,2,28.5,10.66,0.17,0,0,0,0,0,0,0,0,0,0
900723158,"Turbo, Catete II",Rio De Janeiro,2,25.5,8.47,0.33,0,0,0,0,0,0,0,0,0,0
900723145,"Turbo, Catete II",Rio De Janeiro,2,25.0,11.71,0.17,0,0,0,0,0,0,0,0,0,0
900739957,"Turbo, Vila Andrade",Grande São Paulo,2,28.0,7.67,0.17,0,0,0,0,0,0,0,0,0,0
900706686,"Turbo, Fresh, Bela Vista",Grande São Paulo,2,23.5,6.61,1.0,0,0,0,0,0,0,0,0,0,0
900739721,"Turbo 20, Market Vila Prudente",Grande São Paulo,2,27.0,8.34,0.34,0,0,0,0,0,0,0,0,0,0
900739983,"Turbo, Vila Andrade",Grande São Paulo,2,27.5,7.57,0.5,0,0,0,0,0,0,0,0,0,0
900575135,"Turbo, Fresh, Moema",Grande São Paulo,2,25.5,9.37,0.34,0,0,0,0,0,0,0,0,0,0
900706922,"Turbo, Fresh, Nova Recreio",Rio De Janeiro,2,25.0,13.5,0.0,0,0,0,0,1,0,0,1,0,0
900707150,"Turbo, Fresh, PA Centro",Porto Alegre,2,25.5,7.02,0.17,0,0,0,0,0,0,0,0,0,0
900739743,"Turbo 20, Market Aflitos",Recife,2,26.5,20.61,0.34,0,0,0,0,1,0,0,1,0,0
900689029,Rappi Bebidas - Santa Cecília,Grande São Paulo,2,24.0,5.62,0.83,0,0,0,0,0,0,0,0,0,0
900699318,"Heineken, Vila Madalena",Grande São Paulo,2,24.5,9.71,0.17,0,0,0,0,0,0,0,0,0,0
900575022,"Turbo, Fresh, Aclimação",Grande São Paulo,2,24.5,4.58,0.67,0,0,0,0,0,0,0,0,0,0
900575092,"Turbo, Bebidas, Lapa",Grande São Paulo,2,22.5,9.38,0.67,0,0,0,0,0,0,0,0,0,0
900706472,"Turbo, Fresh, Carrão",Grande São Paulo,2,25.0,10.82,0.0,0,0,0,0,0,0,0,0,0,0
900561624,"Turbo Fresh, Estoril",Belo Horizonte,2,23.0,8.97,0.67,0,0,0,0,0,0,0,0,0,0
900581228,"Turbo, Bebidas, Alphaville",Grande São Paulo,2,24.5,7.67,0.5,0,0,0,0,0,0,0,0,0,0
900685608,Mercado Rappi - Santana,Grande São Paulo,2,23.0,11.25,0.17,0,0,0,0,0,1,0,0,0,0
900739716,"Turbo 20, Market Morumbi",Grande São Paulo,2,23.0,7.71,0.34,0,0,0,0,0,0,0,0,0,0
900706680,"Turbo, Fresh, Vila Prudente",Grande São Paulo,2,25.5,6.47,1.0,0,0,0,0,0,0,0,0,0,0
900706460,"Turbo, Fresh, Recife Sul",Recife,2,24.0,10.27,0.0,0,0,0,0,0,0,0,0,0,0
900706642,"Turbo, Fresh, Brooklin",Grande São Paulo,2,24.0,4.85,0.0,0,0,0,0,0,0,0,0,0,0
900581198,"Turbo, Fresh, Carrão",Grande São Paulo,2,23.5,8.24,1.0,0,0,0,0,0,1,0,0,0,0
900707210,"Turbo, Fresh, Cambui",Campinas,2,24.5,8.47,0.17,0,0,0,0,0,0,0,0,0,0
900707147,"Turbo, Fresh, Vila Izabel",Curitiba,2,23.0,8.91,0.0,0,0,0,0,0,0,0,0,0,0
900706491,"Turbo, Fresh, Moema",Grande São Paulo,2,23.5,5.75,0.0,0,0,0,0,0,0,0,0,0,0
900739961,"Turbo, Vila Andrade",Grande São Paulo,2,24.5,5.06,0.83,0,0,0,0,0,0,0,0,0,0
900706613,"Turbo, Fresh, Vila Izabel",Curitiba,2,21.5,8.72,0.34,0,0,0,0,0,0,0,0,0,0
900706653,"Turbo, Fresh, Vila Izabel",Curitiba,2,23.5,4.8,0.5,0,0,0,0,0,0,0,0,0,0
900707006,"Turbo, Fresh, Carrão",Grande São Paulo,2,22.5,8.68,0.0,0,0,0,0,0,0,0,0,0,0
900739695,"Turbo 20, Market Carrão",Grande São Paulo,2,20.5,21.91,1.17,0,0,0,0,1,0,0,1,0,0
900706461,"Turbo, Fresh, Aclimação",Grande São Paulo,2,22.5,5.35,0.0,0,0,0,0,0,0,0,0,0,0
900739677,"Turbo 20, Market Morumbi",Grande São Paulo,2,20.5,7.32,1.33,0,0,0,0,0,0,0,0,0,0
900706703,"Turbo, Fresh, Aldeota",Fortaleza,2,23.0,9.1,0.83,0,0,0,0,0,0,0,0,0,0
900575104,"Turbo, Bebidas, Vila Madalena",Grande São Paulo,2,20.5,5.29,1.33,0,0,0,0,0,0,0,0,0,0
900706915,"Turbo, Fresh, Aldeota",Fortaleza,2,22.0,12.0,0.0,0,0,0,0,0,0,0,0,0,0
900706601,"Turbo, Fresh, Vila Prudente",Grande São Paulo,2,20.5,9.02,0.83,0,0,0,0,0,0,0,0,0,0
900707113,"Turbo, Fresh, Barra da Tijuca 3",Rio De Janeiro,2,22.0,7.17,0.5,0,0,0,0,0,0,0,0,0,0
900706487,"Turbo, Fresh, Santa Efigênia",Belo Horizonte,2,21.0,10.71,0.17,0,0,0,0,0,0,0,0,0,0
900707125,"Turbo, Fresh, Nova Recreio",Rio De Janeiro,2,22.5,7.74,0.67,0,0,0,0,0,0,0,0,0,0
900575136,"Turbo, Fresh, Moema",Grande São Paulo,2,20.5,6.8,1.33,0,0,0,0,0,0,0,0,0,0
900706638,"Turbo, Fresh, Aflitos",Recife,2,20.5,13.26,0.0,0,0,0,0,0,0,0,0,0,0
900706624,"Turbo, Fresh, Aldeota",Fortaleza,2,21.5,9.12,0.17,0,0,0,0,0,0,0,0,0,0
900707149,"Turbo, Fresh, Alto do XV",Curitiba,2,20.0,4.33,0.34,0,0,0,0,0,0,0,0,0,0
900580721,"Turbo, Fresh, Santa Efignênia",Belo Horizonte,2,20.0,9.88,0.5,0,0,1,2,0,0,0,0,0,0
900707132,"Turbo, Fresh, Aflitos",Recife,2,20.5,6.09,0.17,0,0,0,0,0,0,0,0,0,0
900706961,"Turbo, Fresh, Tijuca",Rio De Janeiro,2,20.5,12.39,0.17,0,0,0,0,0,0,0,0,0,0
900739990,"Turbo, Osasco",Grande São Paulo,2,20.0,11.62,0.83,0,0,0,0,0,0,0,0,0,0
900739980,"Adega Rappi, Osasco",Grande São Paulo,2,20.0,10.42,0.67,0,0,0,0,0,0,0,0,0,0
900575154,"Turbo, Fresh, Santa Cecilia",Grande São Paulo,2,19.5,5.54,1.0,0,0,0,0,0,0,0,0,0,0
900575021,"Turbo, Fresh, Aclimação",Grande São Paulo,2,19.0,6.32,0.5,0,0,0,0,0,0,0,0,0,0
900650538,"Turbo, Fresh, Alto do Ipiranga",Grande São Paulo,2,19.0,5.83,0.0,0,0,0,0,0,0,0,0,0,0
900706614,"Turbo, Fresh, Santana",Grande São Paulo,2,18.5,10.53,0.83,0,0,1,1,0,0,0,0,0,0
900706831,"Turbo, Fresh, Recife Sul",Recife,2,19.0,9.43,1.33,0,0,0,0,0,0,0,0,0,0
900685552,Mercado Rappi- Barra da Tijuca 3,Rio De Janeiro,2,18.5,8.26,1.33,0,0,0,0,0,0,0,0,0,0
900707207,"Turbo, fresh, Castelo",Belo Horizonte,2,18.5,7.27,1.0,0,0,0,0,0,0,0,0,0,0
900561582,"Turbo, Fresh, PA Centro",Porto Alegre,2,18.0,4.58,1.33,0,0,0,0,0,0,0,0,0,0
900706865,"Turbo, Fresh, Alto do XV",Curitiba,1,30.0,5.27,0.33,0,0,0,0,0,0,0,0,0,0
900706603,"Turbo, Fresh, Cambui",Campinas,1,30.0,10.05,0.0,0,0,0,0,0,0,0,0,0,0
900739742,"Turbo 20, Market Vila Izabel",Curitiba,1,30.0,9.23,0.0,0,0,0,0,0,0,0,0,0,0
900706647,"Turbo, Fresh, Bela Vista",Grande São Paulo,1,30.0,4.47,0.0,0,0,0,0,0,0,0,0,0,0
900706718,"Turbo, Fresh, Alto do Ipiranga",Grande São Paulo,1,30.0,7.7,0.33,0,0,0,0,0,0,0,0,0,0
900706933,"Turbo, Fresh, Brooklin",Grande São Paulo,1,30.0,16.58,0.67,0,0,0,0,0,0,0,0,0,0
900706458,"Turbo, Fresh, Barra da Tijuca 3",Rio De Janeiro,1,30.0,3.77,0.67,0,0,0,0,0,0,0,0,0,0
900739978,"Turbo, Osasco",Grande São Paulo,1,30.0,18.6,0.0,0,0,0,0,0,0,0,0,0,0
900706913,"Turbo, Fresh, Aclimação",Grande São Paulo,1,30.0,6.65,0.33,0,0,0,0,0,0,0,0,0,0
900699341,"Heineken, Santana",Grande São Paulo,1,30.0,11.98,0.0,0,0,0,0,0,0,0,0,0,0
900707095,"Turbo, Fresh, Cambui",Campinas,1,30.0,11.02,0.33,0,0,0,0,0,0,0,0,0,0
900722120,"Turbo, Fresh Botafogo II",Rio De Janeiro,1,30.0,12.12,0.33,0,0,0,0,0,0,0,0,0,0
900689025,Rappi Bebidas - Vila Olimpia,Grande São Paulo,1,30.0,8.83,0.0,0,0,0,0,0,0,0,0,0,0
900683260,"Heineken, Aldeota",Fortaleza,1,30.0,2.35,0.67,0,0,0,0,0,0,0,0,0,0
900707022,"Turbo, Fresh, Santo André",Grande São Paulo,1,29.0,10.48,0.33,0,0,0,0,0,0,0,0,0,0
900650584,"Turbo, Fresh, Aldeota",Fortaleza,1,29.0,11.33,0.33,0,0,0,0,0,0,0,0,0,0
900650577,"Turbo, Fresh, Vila Mascote",Grande São Paulo,1,29.0,2.87,0.33,0,0,0,0,0,0,0,0,0,0
900707144,"Turbo, Fresh, Santa Cecília",Grande São Paulo,1,29.0,11.88,0.33,0,0,0,0,0,0,0,0,0,0
900685612,Mercado Rappi - Bonfiglioli,Grande São Paulo,1,29.0,10.08,0.33,0,0,0,0,0,0,0,0,0,0
900706937,"Turbo, Fresh, Lapa",Grande São Paulo,1,29.0,7.83,0.33,0,0,0,0,0,0,0,0,0,0
900683257,"Heineken, Alto do XV",Curitiba,1,29.0,5.45,0.0,0,0,0,0,0,0,0,0,0,0
900699350,"Turbo PicPay, Lapa",Grande São Paulo,1,29.0,6.33,0.33,0,0,0,0,0,0,0,0,0,0
900707143,"Turbo, Fresh, Santo André",Grande São Paulo,1,29.0,16.45,0.0,0,0,0,0,0,0,0,0,0,0
900706952,"Turbo, Fresh, Recife Sul",Recife,1,29.0,6.82,0.67,0,0,0,0,0,0,0,0,0,0
900731575,"Turbo Fresh, Jardins",Grande São Paulo,1,29.0,9.95,0.67,0,0,0,0,0,0,0,0,0,0
900561623,"Turbo Fresh, Estoril",Belo Horizonte,1,29.0,5.95,0.0,0,0,0,0,0,0,0,0,0,0
900707100,"Turbo, Fresh, Santa Efigênia",Belo Horizonte,1,28.0,20.68,0.33,0,0,0,0,1,0,0,1,0,0
900706837,"Turbo, Fresh, Bonfinglioli",Grande São Paulo,1,28.0,5.13,0.0,0,0,0,0,0,0,0,0,0,0
900706908,"Turbo, Fresh, PA Centro",Porto Alegre,1,28.0,12.83,0.0,0,0,0,0,0,0,0,0,0,0
900706556,"Turbo, Fresh, Alto do Ipiranga",Grande São Paulo,1,28.0,4.6,0.33,0,0,0,0,0,0,0,0,0,0
900739954,"Turbo, Osasco",Grande São Paulo,1,28.0,9.3,0.67,0,0,0,0,0,0,0,0,0,0
900650611,"Turbo, Fresh, Vila Prudente",Grande São Paulo,1,28.0,17.3,0.33,0,0,0,0,0,0,0,0,0,0
900706526,"Turbo, Fresh, Santa Efigênia",Belo Horizonte,1,28.0,18.07,0.33,0,0,0,0,0,0,0,0,0,0
900739824,"Turbo, Fresh, Aldeota",Fortaleza,1,28.0,12.05,0.0,0,0,0,0,0,0,0,0,0,0
900706752,"Turbo Fresh, Estoril",Belo Horizonte,1,28.0,8.2,0.33,0,0,0,0,0,0,0,0,0,0
900739839,"Turbo 20, Market Recife Sul",Recife,1,28.0,10.02,0.0,0,0,0,0,0,0,0,0,0,0
900739728,"Turbo 20, Market Cambui",Campinas,1,28.0,10.38,0.67,0,0,0,0,0,0,0,0,0,0
900706893,"Turbo, Fresh, Vila Prudente",Grande São Paulo,1,28.0,11.58,0.0,0,0,0,0,0,0,0,0,0,0
900706470,"Turbo, Fresh, Nova Recreio",Rio De Janeiro,1,28.0,8.58,0.67,0,0,0,0,0,0,0,0,0,0
900706473,"Turbo, Fresh, Barra da Tijuca 2",Rio De Janeiro,1,28.0,6.23,0.0,0,0,0,0,0,0,0,0,0,0
900706496,"Turbo, Fresh, Ipanema",Rio De Janeiro,1,28.0,3.58,0.33,0,0,0,0,0,0,0,0,0,0
900706495,"Turbo, Fresh, PA Centro",Porto Alegre,1,27.0,11.07,0.0,0,0,0,0,0,0,0,0,0,0
900580723,"Turbo, Fresh, Santa Efigênia",Belo Horizonte,1,27.0,17.75,0.67,0,0,0,0,0,0,0,0,0,0
900706900,"Turbo, Fresh, Santa Efigênia",Belo Horizonte,1,27.0,4.5,0.0,0,0,0,0,0,0,0,0,0,0
900650573,"Turbo, Fresh, Bonfinglioli",Grande São Paulo,1,27.0,8.63,0.0,0,0,0,0,0,0,0,0,0,0
900706482,"Turbo, Fresh, Cambui",Campinas,1,27.0,9.73,0.0,0,0,0,0,0,0,0,0,0,0
900739967,"Turbo, Vila Andrade",Grande São Paulo,1,27.0,5.45,0.0,0,0,0,0,0,0,0,0,0,0
900699317,"Heineken, Vila Prudente",Grande São Paulo,1,27.0,8.6,0.0,0,0,0,0,0,0,0,0,0,0
900706690,"Turbo, Fresh, Vila Madalena",Grande São Paulo,1,26.0,7.1,0.67,0,0,0,0,0,0,0,0,0,0
900739977,"Turbo, Vila Andrade",Grande São Paulo,1,26.0,10.02,0.0,0,0,0,0,0,0,0,0,0,0
900536646,"Turbo, Fresh, Vila Mascote",Grande São Paulo,1,26.0,7.78,0.0,0,0,0,0,0,0,0,0,0,0
900706585,"Turbo Fresh, Estoril",Belo Horizonte,1,26.0,6.08,0.0,0,0,0,0,0,0,0,0,0,0
900706570,"Turbo, Fresh, Vila Izabel",Curitiba,1,26.0,7.0,0.67,0,0,0,0,0,0,0,0,0,0
900706765,"Turbo, Fresh, Aflitos",Recife,1,25.0,5.33,0.0,0,0,1,1,0,0,0,0,0,0
900707084,"Turbo, Fresh, Morumbi",Grande São Paulo,1,25.0,11.22,0.33,0,0,1,1,0,0,0,0,0,0
900706732,"Turbo, Fresh, Vila Izabel",Curitiba,1,25.0,6.98,1.0,0,0,0,0,0,0,0,0,0,0
900706701,"Turbo, Fresh, Aclimação",Grande São Paulo,1,25.0,6.45,0.0,0,0,0,0,0,0,0,0,0,0
900706724,"Turbo, Fresh, Vila Clementino",Grande São Paulo,1,25.0,5.48,0.33,0,0,0,0,0,0,0,0,0,0
900706646,"Turbo, Fresh, Lapa",Grande São Paulo,1,25.0,10.58,0.67,0,0,0,0,0,0,0,0,0,0
900561630,"Turbo, Fresh, Aflitos",Recife,1,25.0,8.0,0.67,0,0,0,0,0,0,0,0,0,0
900706793,"Turbo Fresh, Estoril",Belo Horizonte,1,25.0,4.38,1.0,0,0,0,0,0,0,0,0,0,0
900650603,"Turbo, Fresh, Santana",Grande São Paulo,1,25.0,5.95,0.33,0,0,0,0,0,0,0,0,0,0
900707099,"Turbo, Fresh, Bela Vista",Grande São Paulo,1,25.0,7.25,0.0,0,0,0,0,0,0,0,0,0,0
900706751,"Turbo, Fresh, Aldeota",Fortaleza,1,25.0,6.22,0.67,0,0,0,0,0,0,0,0,0,0
900707206,"Turbo, Fresh, Alto do Ipiranga",Grande São Paulo,1,25.0,1.88,1.0,0,0,0,0,0,0,0,0,0,0
900706763,"Turbo, Fresh, Santo Amaro",Grande São Paulo,1,25.0,7.78,0.33,0,0,0,0,0,0,0,0,0,0
900739965,"Turbo, Vila Andrade",Grande São Paulo,1,25.0,7.62,0.67,0,0,0,0,0,0,0,0,0,0
900604381,"Turbo, Fresh, Bonfinglioli",Grande São Paulo,1,25.0,5.22,0.0,0,0,0,0,0,0,0,0,0,0
900683252,"Heineken, Estoril",Belo Horizonte,1,25.0,9.1,0.67,0,0,0,0,0,0,0,0,0,0
900706916,"Turbo Fresh, Estoril",Belo Horizonte,1,25.0,5.87,1.33,0,0,0,0,0,0,0,0,0,0
900706945,"Turbo, Fresh, Santana",Grande São Paulo,1,25.0,8.28,0.33,0,0,0,0,0,0,0,0,0,0
900706728,"Turbo, Fresh, Santo André",Grande São Paulo,1,25.0,10.25,0.33,0,0,0,0,0,0,0,0,0,0
900650541,"Turbo, Fresh, Vila Madalena",Grande São Paulo,1,24.0,6.65,0.0,0,0,1,3,0,0,0,0,0,0
900707187,"Turbo, Fresh, Alphaville",Grande São Paulo,1,24.0,12.08,0.0,0,0,0,0,0,0,0,0,0,0
900707025,"Turbo, Fresh, Moema",Grande São Paulo,1,24.0,4.0,1.67,0,0,0,0,0,0,0,0,0,0
900739697,"Turbo 20, Market Brooklin",Grande São Paulo,1,24.0,19.73,0.67,0,0,0,0,0,0,0,0,0,0
900706860,"Turbo, Fresh, Santa Cecília",Grande São Paulo,1,24.0,8.35,0.33,0,0,0,0,0,0,0,0,0,0
900706704,"Turbo Fresh, Estoril",Belo Horizonte,1,24.0,9.22,0.0,0,0,0,0,0,0,0,0,0,0
900706766,"Turbo, Fresh, Alto do Ipiranga",Grande São Paulo,1,24.0,3.33,0.67,0,0,0,0,0,0,0,0,0,0
900650602,"Turbo, Fresh, Moema",Grande São Paulo,1,24.0,4.67,0.33,0,0,0,0,0,0,0,0,0,0
900706641,"Turbo, Fresh, Vila Prudente",Grande São Paulo,1,24.0,6.62,1.0,0,0,0,0,0,0,0,0,0,0
900739707,"Turbo 20 Market, Osasco",Grande São Paulo,1,24.0,13.67,0.33,0,0,0,0,0,0,0,0,0,0
900739869,"Turbo 20, Market Aldeota",Fortaleza,1,24.0,12.15,0.33,0,0,0,0,0,0,0,0,0,0
900575094,"Turbo, Fresh, Lapa",Grande São Paulo,1,24.0,7.63,0.0,0,0,0,0,0,1,0,0,0,0
900706666,"Turbo, Fresh, Bonfinglioli",Grande São Paulo,1,24.0,8.45,0.67,0,0,0,0,0,0,0,0,0,0
900706934,"Turbo, Fresh, Cambui",Campinas,1,24.0,4.72,1.33,0,0,0,0,0,0,0,0,0,0
900688572,Mercado Rappi - Aclimação,Grande São Paulo,1,24.0,7.88,0.67,0,0,0,0,0,0,0,0,0,0
900722107,"Turbo, Fresh Botafogo II",Rio De Janeiro,1,24.0,7.25,1.67,0,0,0,0,0,0,0,0,0,0
900650606,"Turbo, Fresh, Santo André",Grande São Paulo,1,24.0,8.2,0.0,0,0,0,0,0,0,0,0,0,0
900706636,"Turbo, Fresh, Santo Amaro",Grande São Paulo,1,24.0,4.32,0.67,0,0,0,0,0,0,0,0,0,0
900706689,"Turbo, Fresh, Santa Cecília",Grande São Paulo,1,24.0,6.05,1.0,0,0,0,0,0,0,0,0,0,0
900683268,"Heineken, Aflitos",Recife,1,24.0,7.15,0.0,0,0,0,0,0,0,0,0,0,0
900739708,"Turbo 20, Market Moema",Grande São Paulo,1,23.0,7.15,0.0,0,0,0,0,0,0,0,0,0,0
900706832,"Turbo, Fresh, Aclimação",Grande São Paulo,1,23.0,6.92,1.33,0,0,0,0,0,0,0,0,0,0
900706953,"Turbo, Fresh, Aclimação",Grande São Paulo,1,23.0,8.5,0.0,0,0,0,0,0,0,0,0,0,0
900706792,"Turbo, Fresh, Aldeota",Fortaleza,1,23.0,9.28,0.33,0,0,0,0,0,0,0,0,0,0
900706980,"Turbo, Fresh, Santo André",Grande São Paulo,1,23.0,7.1,0.33,0,0,0,0,0,0,0,0,0,0
900706927,"Turbo, Fresh, Santo Amaro",Grande São Paulo,1,23.0,6.07,0.0,0,0,0,0,0,0,0,0,0,0
900706479,"Turbo, fresh, Castelo",Belo Horizonte,1,22.0,22.07,0.33,0,0,0,0,1,0,0,1,0,0
900650564,"Turbo, Fresh, Aflitos",Recife,1,22.0,23.77,1.0,0,0,0,0,1,0,0,1,0,0
900739712,"Turbo 20, Market Bonfinglioli",Grande São Paulo,1,22.0,5.12,1.33,0,0,0,0,0,0,0,0,0,0
900575105,"Turbo, Fresh, Vila Madalena",Grande São Paulo,1,22.0,7.43,1.67,0,0,0,0,0,0,0,0,0,0
900707116,"Turbo, Fresh, Aclimação",Grande São Paulo,1,22.0,10.97,0.0,0,0,0,0,0,0,0,0,0,0
900706553,"Turbo, Fresh, Santo Amaro",Grande São Paulo,1,22.0,4.77,0.33,0,0,0,0,0,0,0,0,0,0
900706850,"Turbo, fresh, Castelo",Belo Horizonte,1,22.0,2.87,0.67,0,0,0,0,0,0,0,0,0,0
900650604,"Turbo, Fresh, Brooklin",Grande São Paulo,1,22.0,6.23,0.0,0,0,0,0,0,0,0,0,0,0
900706531,"Turbo, Fresh, Vila Izabel",Curitiba,1,22.0,8.82,0.0,0,0,0,0,0,0,0,0,0,0
900706881,"Turbo, Fresh, Vila Olimpia",Grande São Paulo,1,22.0,5.72,0.0,0,0,0,0,0,0,0,0,0,0
900739952,"Turbo, Osasco",Grande São Paulo,1,21.0,8.72,0.67,0,0,1,1,0,0,0,0,0,0
900706606,"Turbo, Fresh, Lapa",Grande São Paulo,1,21.0,12.82,0.33,0,0,1,1,0,0,0,0,0,0
900706695,"Turbo, Fresh, PA Centro",Porto Alegre,1,21.0,19.65,0.67,0,0,0,0,0,0,0,0,0,0
900706605,"Turbo, Fresh, Vila Clementino",Grande São Paulo,1,21.0,11.25,0.33,0,0,0,0,0,0,0,0,0,0
900739969,"Turbo, Vila Andrade",Grande São Paulo,1,21.0,9.25,0.0,0,0,0,0,0,0,0,0,0,0
900706677,"Turbo, Fresh, Aflitos",Recife,1,21.0,8.22,0.0,0,0,0,0,0,0,0,0,0,0
900706652,"Turbo, Fresh, Moema",Grande São Paulo,1,21.0,8.28,0.0,0,0,0,0,0,0,0,0,0,0
900706877,"Turbo Fresh, Estoril",Belo Horizonte,1,21.0,8.62,0.0,0,0,0,0,0,0,0,0,0,0
900706852,"Turbo, Fresh, Brooklin",Grande São Paulo,1,21.0,7.88,0.67,0,0,0,0,0,0,0,0,0,0
900706493,"Turbo, Fresh, Santana",Grande São Paulo,1,21.0,6.82,1.33,0,0,0,0,0,0,0,0,0,0
900706811,"Turbo, Fresh, Cambui",Campinas,1,21.0,13.25,0.0,0,0,0,0,0,0,0,0,0,0
900707148,"Turbo, Fresh, Santana",Grande São Paulo,1,21.0,12.53,0.33,0,0,0,0,0,0,0,0,0,0
900706946,"Turbo, Fresh, Alto do XV",Curitiba,1,21.0,3.62,0.0,0,0,0,0,0,0,0,0,0,0
900575106,"Turbo, Fresh, Vila Madalena",Grande São Paulo,1,21.0,3.6,1.67,0,0,0,0,0,0,0,0,0,0
900706471,"Turbo, Fresh, Morumbi",Grande São Paulo,1,21.0,8.82,0.33,0,0,0,0,0,0,0,0,0,0
900706842,"Turbo, Fresh, Morumbi",Grande São Paulo,1,20.0,8.35,0.0,0,0,0,0,0,0,0,0,0,0
900739727,"Turbo 20, Market Bela Vista",Grande São Paulo,1,20.0,10.02,1.0,0,0,0,0,0,0,0,0,0,0
900706693,"Turbo, Fresh, Santana",Grande São Paulo,1,20.0,14.2,0.67,0,0,0,0,0,0,0,0,0,0
900706682,"Turbo, Fresh, Cambui",Campinas,1,20.0,14.92,1.0,0,0,0,0,0,0,0,0,0,0
900575123,"Turbo, Fresh, Morumbi",Grande São Paulo,1,20.0,4.7,0.0,0,0,0,0,0,0,0,0,0,0
900739735,"Turbo 20, Market Aclimação",Grande São Paulo,1,20.0,4.88,0.33,0,0,0,0,0,0,0,0,0,0
900706813,"Turbo, Fresh, Vila Clementino",Grande São Paulo,1,20.0,6.35,0.33,0,0,0,0,0,0,0,0,0,0
900739868,"Turbo 20, Market Santa Efigênia",Belo Horizonte,1,20.0,15.32,0.33,0,0,0,0,0,0,0,0,0,0
900689001,Rappi Bebidas - Aldeota,Fortaleza,1,20.0,7.23,0.0,0,0,0,0,0,0,0,0,0,0
900650619,"Turbo, Fresh, Recife Sul",Recife,1,20.0,11.52,0.67,0,0,0,0,0,0,0,0,0,0
900706997,"Turbo, Fresh, Aldeota",Fortaleza,1,20.0,11.35,0.0,0,0,0,0,0,0,0,0,0,0
900581711,"Turbo, Fresh, Cambui",Campinas,1,20.0,13.02,0.0,0,0,0,0,0,0,0,0,0,0
900650540,"Turbo, Fresh, Lapa",Grande São Paulo,1,19.0,4.7,0.33,0,0,0,0,0,0,0,0,0,0
900706901,"Turbo, Fresh, Santo André",Grande São Paulo,1,19.0,4.33,0.0,0,0,0,0,0,0,0,0,0,0
900706612,"Turbo, Fresh, Moema",Grande São Paulo,1,19.0,10.98,1.0,0,0,0,0,0,0,0,0,0,0
900706565,"Turbo, Fresh, Santa Efigênia",Belo Horizonte,1,19.0,8.57,0.67,0,0,0,0,0,0,0,0,0,0
900575014,"Turbo, Bebidas, Vila Clementino",Grande São Paulo,1,19.0,6.55,0.67,0,0,0,0,0,0,0,0,0,0
900706685,"Turbo, Fresh, Lapa",Grande São Paulo,1,19.0,15.48,0.33,0,0,0,0,0,0,0,0,0,0
900689008,Rappi Bebidas - Recife Sul,Recife,1,19.0,3.55,0.0,0,0,0,0,0,0,0,0,0,0
900575160,"Turbo, Fresh, Brooklin",Grande São Paulo,1,19.0,6.43,1.67,0,0,0,0,0,0,0,0,0,0
900706943,"Turbo, Fresh, Moema",Grande São Paulo,1,19.0,10.32,0.67,0,0,0,0,0,0,0,0,0,0
900689041,Rappi Bebidas - Vila Madalena,Grande São Paulo,1,19.0,7.12,0.0,0,0,0,0,0,0,0,0,0,0
900707013,"Turbo, fresh, Castelo",Belo Horizonte,1,19.0,6.58,0.67,0,0,0,0,0,0,0,0,0,0
900706542,"Turbo Fresh, Estoril",Belo Horizonte,1,19.0,9.42,0.0,0,0,0,0,0,0,0,0,0,0
900739971,"Turbo, Vila Andrade",Grande São Paulo,1,19.0,9.97,0.67,0,0,0,0,0,0,0,0,0,0
900706588,"Turbo, Fresh, Vila Mascote",Grande São Paulo,1,19.0,5.93,1.0,0,0,0,0,0,0,0,0,0,0
900706639,"Turbo, Fresh, Alto do Ipiranga",Grande São Paulo,1,19.0,2.97,1.67,0,0,0,0,0,0,0,0,0,0
900706464,"Turbo Fresh, Estoril",Belo Horizonte,1,19.0,3.8,0.67,0,0,0,0,0,0,0,0,0,0
900575082,"Turbo, Fresh, Santana",Grande São Paulo,1,18.0,8.9,0.33,0,0,0,0,0,0,0,0,0,0
900706930,"Turbo, Fresh, Alto do Ipiranga",Grande São Paulo,1,18.0,6.03,1.67,0,0,0,0,0,0,0,0,0,0
900706480,"Turbo, Fresh, Vila Prudente",Grande São Paulo,1,18.0,5.77,0.0,0,0,0,0,0,0,0,0,0,0
900739720,"Turbo 20, Market Vila Clementino",Grande São Paulo,1,18.0,6.08,0.0,0,0,0,0,0,0,0,0,0,0
900739671,Turbo 20 Market Jardins,Grande São Paulo,1,18.0,3.92,0.0,0,0,0,0,0,0,0,0,0,0
900739933,"Turbo, Vila Andrade",Grande São Paulo,1,18.0,11.65,1.67,0,0,0,0,0,0,0,0,0,0
900707134,"Turbo, fresh, Castelo",Belo Horizonte,1,18.0,16.53,0.33,0,0,0,0,0,0,0,0,0,0
900575130,"Turbo, Fresh, Santo Amaro",Grande São Paulo,1,18.0,4.75,0.67,0,0,0,0,0,0,0,0,0,0
900706984,"Turbo, Fresh, Vila Izabel",Curitiba,1,18.0,6.13,0.67,0,0,0,0,0,0,0,0,0,0
900706599,"Turbo, Fresh, Alto do Ipiranga",Grande São Paulo,1,18.0,10.57,0.67,0,0,0,0,0,0,0,0,0,0
900739982,"Turbo, Osasco",Grande São Paulo,1,18.0,13.33,0.33,0,0,0,0,0,0,0,0,0,0
900739668,"Turbo 20, Market Bonfinglioli",Grande São Paulo,1,18.0,13.48,0.0,0,0,0,0,0,0,0,0,0,0
